Periodo;POIL;PCU
01-01-48;10,8530405405405;
02-01-48;10,857625686523;
03-01-48;10,936170212766;
04-01-48;10,7892527287993;
05-01-48;10,7038733860891;
06-01-48;10,6418219461698;
07-01-48;10,5327868852459;
08-01-48;10,5198526401965;
09-01-48;10,5500821018062;
10-01-48;10,5717811600165;
11-01-48;10,637417218543;
12-01-48;10,6860706860707;
01-01-49;10,7038733860891;
02-01-49;10,7486407360937;
03-01-49;10,7486407360937;
04-01-49;10,7441471571906;
05-01-49;10,7486407360937;
06-01-49;10,7441471571906;
07-01-49;10,8438818565401;
08-01-49;10,8438818565401;
09-01-49;10,8210526315789;
10-01-49;10,857625686523;
11-01-49;10,8438818565401;
12-01-49;10,8852181279119;
01-01-50;10,9315185027648;
02-01-50;10,8852181279119;
03-01-50;10,8714043993232;
04-01-50;10,8668076109937;
05-01-50;10,8119478334035;
06-01-50;10,7621440536013;
07-01-50;10,6771915247196;
08-01-50;10,6198347107438;
09-01-50;10,5587510271159;
10-01-50;10,4897959183673;
11-01-50;10,4471544715447;
12-01-50;10,2882305844676;
01-01-51;10,1260835303389;
02-01-51;9,94967092528068;
03-01-51;9,93044822256569;
04-01-51;9,91512345679012;
05-01-51;9,88841862254713;
06-01-51;9,91129965291168;
07-01-51;9,91895021227325;
08-01-51;9,93812838360402;
09-01-51;9,87322320399539;
10-01-51;9,82415902140673;
11-01-51;9,7644376899696;
12-01-51;9,70910464676993;
01-01-52;9,7164461247637;
02-01-52;9,73116243847027;
03-01-52;9,73853732474422;
04-01-52;9,71277399848828;
05-01-52;9,70910464676993;
06-01-52;9,68714662646061;
07-01-52;9,63268365817091;
08-01-52;9,62907455976021;
09-01-52;9,65076980848667;
10-01-52;9,62907455976021;
11-01-52;9,62907455976021;
12-01-52;9,62186447023587;
01-01-53;9,64714714714715;
02-01-53;9,66528770214366;
03-01-53;9,65076980848667;
04-01-53;9,62907455976021;
05-01-53;9,62546816479401;
06-01-53;10,5341800522973;
07-01-53;10,5263157894737;
08-01-53;10,5027932960894;
09-01-53;10,4871699516549;
10-01-53;10,4638218923933;
11-01-53;10,5027932960894;
12-01-53;10,4949758094529;
01-01-54;10,467706013363;
02-01-54;10,4483141904409;
03-01-54;10,471593018938;
04-01-54;10,4988830975428;
05-01-54;10,471593018938;
06-01-54;10,467706013363;
07-01-54;10,4988830975428;
08-01-54;10,5027932960894;
09-01-54;10,5184632599776;
10-01-54;10,5538922155689;
11-01-54;10,5302464525765;
12-01-54;10,5341800522973;
01-01-55;10,5341800522973;
02-01-55;10,5145413870246;
03-01-55;10,5263157894737;
04-01-55;10,5263157894737;
05-01-55;10,5341800522973;
06-01-55;10,5578435043055;
07-01-55;10,5381165919282;
08-01-55;10,5538922155689;
09-01-55;10,5027932960894;
10-01-55;10,5145413870246;
11-01-55;10,4910714285714;
12-01-55;10,4949758094529;
01-01-56;10,5106224375699;
02-01-56;10,4988830975428;
03-01-56;10,4871699516549;
04-01-56;10,471593018938;
05-01-56;10,4328523862375;
06-01-56;10,3867403314917;
07-01-56;10,3334554781971;
08-01-56;10,3258879531307;
09-01-56;10,3107861060329;
10-01-56;10,2508178844057;
11-01-56;10,2508178844057;
12-01-56;10,2062975027144;
01-01-57;10,1915431875678;
02-01-57;11,0431654676259;
03-01-57;11,0193826274228;
04-01-57;10,9917651271035;
05-01-57;10,9642857142857;
06-01-57;10,9213802917111;
07-01-57;10,8903866619369;
08-01-57;10,8557284299859;
09-01-57;10,840395480226;
10-01-57;10,840395480226;
11-01-57;10,8060542062654;
12-01-57;10,5374077976818;
01-01-58;10,7192737430168;
02-01-58;10,6968641114983;
03-01-58;10,6338759958434;
04-01-58;10,6081548030408;
05-01-58;10,6081548030408;
06-01-58;10,6191629194051;
07-01-58;10,6265143648321;
08-01-58;10,6081548030408;
09-01-58;10,6191629194051;
10-01-58;10,6191629194051;
11-01-58;10,3626943005181;
12-01-58;10,3555402140145;
01-01-59;10,3412616339193;
02-01-59;10,3448275862069;
03-01-59;10,2519848118744;
04-01-59;10,2484472049689;
05-01-59;10,2272727272727;
06-01-59;10,2026794915837;
07-01-59;10,188679245283;
08-01-59;10,178204249486;
09-01-59;10,1538461538462;
10-01-59;10,1192504258944;
11-01-59;10,1192504258944;
12-01-59;10,098605916355;
01-01-60;10,1123595505618;1,10657133129043
01-02-60;10,098605916355;1,12206732403944
01-03-60;10,098605916355;1,07786467188031
01-04-60;10,054163845633;1,11035883547732
01-05-60;10,0439634764965;1,05174163003044
01-06-60;10,0303951367781;1,06045254981425
01-07-60;10,0507614213198;1,07952622673435
01-08-60;10,0303951367781;1,03681188787572
01-09-60;10,0303951367781;0,99290780141844
01-10-60;9,98319327731093;0,934453781512605
01-11-60;9,97313633310947;0,950302216252518
01-12-60;9,96309963099631;0,969473331096947
01-01-61;9,95308310991957;0,921581769436997
01-02-61;9,95308310991957;0,938337801608579
01-03-61;9,95308310991957;0,945040214477212
01-04-61;9,96309963099631;0,962764173096276
01-05-61;9,95308310991957;1,01541554959786
01-06-61;9,95308310991957;0,991957104557641
01-07-61;9,92647058823529;0,959224598930481
01-08-61;9,91983967935872;0,965263861055444
01-09-61;9,90660440293529;0,957304869913276
01-10-61;9,90660440293529;0,95396931287525
01-11-61;9,90660440293529;0,957304869913276
01-12-61;9,89670109963346;0,959680106631123
01-01-62;9,88681757656458;0,958721704394141
01-02-62;9,86383261374959;0,976419794088343
01-03-62;9,84421610871727;0,974477958236659
01-04-62;9,83118172790467;0,969877523998676
01-05-62;9,82142857142857;0,968915343915344
01-06-62;9,83118172790467;0,969877523998676
01-07-62;9,82792852415619;0,969556585043018
01-08-62;9,80845442536328;0,967635402906209
01-09-62;9,76331360946746;0,963182117028271
01-10-62;9,7761685319289;0,964450296247531
01-11-62;9,7761685319289;0,964450296247531
01-12-62;9,7761685319289;0,964450296247531
01-01-63;9,7568988173456;0,962549277266754
01-02-63;9,74409448818898;0,961286089238845
01-03-63;9,73451327433628;0,960340871845296
01-04-63;9,74409448818898;0,961286089238845
01-05-63;9,73451327433628;0,960340871845296
01-06-63;9,70271153217903;0,957203528258739
01-07-63;9,67741935483871;0,954708374063213
01-08-63;9,65853658536585;0,952845528455284
01-09-63;9,66796875;0,953776041666666
01-10-63;9,65853658536585;0,952845528455284
01-11-63;9,64912280701754;0,951916829109811
01-12-63;9,6178756476684;0,955310880829016
01-01-64;9,59922430510666;0,959922430510666
01-02-64;9,6085409252669;1,01908767389194
01-03-64;9,59922430510666;1,09243697478992
01-04-64;9,59612277867528;1,26332794830372
01-05-64;9,58683021304067;1,21368624919303
01-06-64;9,57755562721703;1,18348919703322
01-07-64;9,41328175370728;1,250805931657
01-08-64;9,40418679549114;1,45893719806763
01-09-64;9,3951093951094;1,6956241956242
01-10-64;9,38303341902314;1,97943444730077
01-11-64;9,3559756488305;2,03460429349567
01-12-64;9,344;1,8432
01-01-65;9,33503836317136;1,45140664961637
01-02-65;9,33503836317136;1,71035805626598
01-03-65;9,32609389971255;1,79175982114341
01-04-65;9,30528999362651;1,95028680688337
01-05-65;9,27573062261753;1,9853875476493
01-06-65;9,23758304334072;1,87915216703575
01-07-65;9,24635845471818;1,54211526282457
01-08-65;9,25515055467512;1,74009508716323
01-09-65;9,23466160657812;1,90385831752056
01-10-65;9,2259083728278;2,00947867298578
01-11-65;9,19685039370079;2,09763779527559
01-12-65;9,1679748822606;2,16012558869702
01-01-66;9,15934755332497;2,39021329987453
01-02-66;9,10224438902743;2,64962593516209
01-03-66;9,07395898073338;2,6413921690491
01-04-66;9,0458488228005;2,67967781908302
01-05-66;9,02627511591963;2,3338485316847
01-06-66;9,01791229153799;2,37492279184682
01-07-66;8,99845916795069;2,19106317411402
01-08-66;8,94333843797856;1,66003062787136
01-09-66;9,06870229007634;1,56335877862595
01-10-66;9,04109589041096;1,76255707762557
01-11-66;9,03284671532847;1,79440389294404
01-12-66;9,02187120291616;1,67071688942892
01-01-67;9,02735562310031;1,71428571428571
01-02-67;9,09090909090909;1,67878787878788
01-03-67;9,09090909090909;1,50909090909091
01-04-67;9,06344410876133;1,36253776435045
01-05-67;9,06344410876133;1,41993957703927
01-06-67;9,00900900900901;1,38438438438438
01-07-67;8,98203592814371;1,35329341317365
01-08-67;9,16417910447761;1,41492537313433
01-09-67;9,13690476190476;1,43154761904762
01-10-67;9,10979228486647;1,53115727002967
01-11-67;9,05604719764012;1,80825958702065
01-12-67;9,02941176470588;1,76764705882353
01-01-68;9,00293255131965;1,87390029325513
01-02-68;8,9766081871345;2,28070175438596
01-03-68;8,95043731778426;2,25072886297376
01-04-68;8,92441860465116;1,65406976744186
01-05-68;8,89855072463768;1,44057971014493
01-06-68;8,84726224783861;1,48703170028818
01-07-68;8,79656160458453;1,36962750716332
01-08-68;8,77142857142857;1,36857142857143
01-09-68;8,74643874643875;1,43589743589744
01-10-68;8,69688385269122;1,38810198300283
01-11-68;8,67231638418079;1,40960451977401
01-12-68;8,62359550561798;1,50842696629213
01-01-69;8,59943977591036;1,59663865546218
01-02-69;8,57541899441341;1,62849162011173
01-03-69;9,00277008310249;1,60664819944598
01-04-69;9,22865013774105;1,73553719008264
01-05-69;9,2032967032967;1,73626373626374
01-06-69;9,15300546448088;1,83879781420765
01-07-69;9,10326086956522;1,79076086956522
01-08-69;9,07859078590786;1,97560975609756
01-09-69;9,02964959568733;1,92991913746631
01-10-69;8,98123324396783;1,89008042895442
01-11-69;8,93333333333333;1,97333333333333
01-12-69;8,88594164456233;2,04509283819629
01-01-70;8,83905013192612;1,94722955145119
01-02-70;8,79265091863517;1,9737532808399
01-03-70;8,7467362924282;2,07832898172324
01-04-70;8,7012987012987;2,05194805194805
01-05-70;8,67875647668394;1,87823834196891
01-06-70;8,6340206185567;1,70360824742268
01-07-70;8,50899742930591;1,58868894601542
01-08-70;8,48717948717949;1,46923076923077
01-09-70;8,44387755102041;1,44387755102041
01-10-70;8,4010152284264;1,31472081218274
01-11-70;8,35858585858586;1,24242424242424
01-12-70;8,94472361809045;1,19095477386935
01-01-71;8,92230576441103;1,15037593984962
01-02-71;8,92230576441103;1,16791979949875
01-03-71;8,9;1,3075
01-04-71;8,87780548628429;1,42643391521197
01-05-71;8,83374689826303;1,26302729528536
01-06-71;8,79012345679012;1,21234567901235
01-07-71;8,76847290640394;1,25615763546798
01-08-71;8,74692874692875;1,22604422604423
01-09-71;8,72549019607843;1,17401960784314
01-10-71;8,70415647921761;1,15403422982885
01-11-71;8,68292682926829;1,1219512195122
01-12-71;8,661800486618;1,14598540145985
01-01-72;8,64077669902913;1,1868932038835
01-02-72;8,59903381642512;1,21980676328502
01-03-72;8,59903381642512;1,26811594202899
01-04-72;8,57831325301205;1,23855421686747
01-05-72;8,55769230769231;1,20673076923077
01-06-72;8,53717026378897;1,15347721822542
01-07-72;8,51674641148325;1,12200956937799
01-08-72;8,4964200477327;1,13365155131265
01-09-72;8,45605700712589;1,14251781472684
01-10-72;8,43601895734597;1,1042654028436
01-11-72;8,39622641509434;1,07547169811321
01-12-72;8,37647058823529;1,09176470588235
01-01-73;8,33723653395785;1,18969555035129
01-02-73;8,27906976744186;1,31162790697674
01-03-73;8,20276497695853;1,57834101382489
01-04-73;8,14645308924485;1,64759725400458
01-05-73;8,10933940774488;1,60364464692483
01-06-73;8,05429864253394;1,79411764705882
01-07-73;8,05429864253394;2,07239819004525
01-08-73;9,57777777777778;2,10666666666667
01-09-73;9,5353982300885;1,94469026548673
01-10-73;9,45175438596491;2,05482456140351
01-11-73;9,38997821350763;2,24400871459695
01-12-73;9,30885529157667;2,18358531317495
01-01-74;21,6025641025641;1,97008547008547
01-02-74;21,3742071881607;2,19661733615222
01-03-74;21,1506276150628;2,60669456066946
01-04-74;21,018711018711;2,86278586278586
01-05-74;20,8024691358025;2,68518518518519
01-06-74;20,6326530612245;2,25918367346939
01-07-74;20,5070993914807;1,76673427991886
01-08-74;20,2605210420842;1,63927855711423
01-09-74;19,9802371541502;1,3102766798419
01-10-74;21,8823529411765;1,24509803921569
01-11-74;21,6699029126214;1,24660194174757
01-12-74;21,5028901734104;1,1271676300578
01-01-75;21,3384321223709;1,04971319311663
01-02-75;21,2167300380228;1,09315589353612
01-03-75;21,1363636363636;1,15340909090909
01-04-75;21,0566037735849;1,1377358490566
01-05-75;21,0169491525424;1,06967984934087
01-06-75;20,8598130841121;1,01121495327103
01-07-75;20,6666666666667;1,02777777777778
01-08-75;20,590405904059;1,06826568265683
01-09-75;20,4395604395604;1,00549450549451
01-10-75;20,327868852459;0,974499089253188
01-11-75;20,1808318264014;0,96745027124774
01-12-75;20,0719424460432;0,938848920863309
01-01-76;20;0,969534050179211
01-02-76;21,520572450805;0,989266547406082
01-03-76;21,6071428571429;1,075
01-04-76;21,6934046345811;1,22103386809269
01-05-76;21,5780141843972;1,21808510638298
01-06-76;21,4638447971781;1,23985890652557
01-07-76;21,3508771929825;1,31052631578947
01-08-76;21,239092495637;1,21815008726004
01-09-76;24,1319444444444;1,15104166666667
01-10-76;24,006908462867;1,00863557858377
01-11-76;23,9242685025818;0,996557659208261
01-12-76;23,8013698630137;1
01-01-77;23,679727427598;1,07836456558773
01-02-77;23,4401349072513;1,09106239460371
01-03-77;23,3221476510067;1,15268456375839
01-04-77;23,1666666666667;1,08
01-05-77;23,0897009966777;1,03322259136213
01-06-77;22,9752066115702;0,983471074380165
01-07-77;22,8618421052632;0,930921052631579
01-08-77;24,30441898527;0,86088379705401
01-09-77;24,2251223491028;0,884176182707994
01-10-77;24,1071428571429;0,891233766233766
01-11-77;23,9516129032258;0,864516129032258
01-12-77;23,8362760834671;0,91653290529695
01-01-78;23,6842105263158;0,912280701754386
01-02-78;23,5714285714286;0,876190476190476
01-03-78;23,4227129337539;0,897476340694006
01-04-78;23,2394366197183;0,912363067292645
01-05-78;23,0232558139535;0,916279069767442
01-06-78;22,8461538461538;0,929230769230769
01-07-78;22,6717557251908;0,925190839694656
01-08-78;22,5341426403642;0,981790591805766
01-09-78;22,3308270676692;0,983458646616541
01-10-78;22,1311475409836;1,01788375558867
01-11-78;22;0,988148148148148
01-12-78;21,8703976435935;1,02356406480118
01-01-79;21,6788321167883;1,0978102189781
01-02-79;22,9046242774566;1,27456647398844
01-03-79;22,6752503576538;1,33047210300429
01-04-79;22,4504249291785;1,34844192634561
01-05-79;25,3501400560224;1,22268907563025
01-06-79;26,4542936288089;1,18005540166205
01-07-79;29,7945205479452;1,12602739726027
01-08-79;35,9565807327001;1,2157394843962
01-09-79;38,3064516129032;1,27956989247312
01-10-79;38,563829787234;1,25398936170213
01-11-79;40,7894736842105;1,24605263157895
01-12-79;42,2626788036411;1,30559167750325
01-01-80;41,6666666666667;1,51282051282051
01-02-80;46,8354430379747;1,67594936708861
01-03-80;47,4406991260924;1,30711610486891
01-04-80;48,8257107540173;1,16440049443758
01-05-80;48,3476132190942;1,13708690330477
01-06-80;47,8787878787879;1,1030303030303
01-07-80;47,8208232445521;1,19491525423729
01-08-80;45,6730769230769;1,13461538461538
01-09-80;42,9082240762813;1,11323003575685
01-10-80;42,5029515938607;1,09563164108619
01-11-80;42,0560747663552;1,06542056074766
01-12-80;42,8240740740741;0,986111111111111
01-01-81;43,5779816513761;0,972477064220183
01-02-81;43,1818181818182;0,928409090909091
01-03-81;42,8893905191874;0,931151241534989
01-04-81;42,648709315376;0,928170594837262
01-05-81;42,3634336677815;0,880713489409142
01-06-81;39,7790055248619;0,851933701657459
01-07-81;39,344262295082;0,833879781420765
01-08-81;39,0455531453362;0,878524945770065
01-09-81;38,6680988184748;0,833512352309345
01-10-81;37,4732334047109;0,810492505353319
01-11-81;38,3795309168444;0,797441364605544
01-12-81;37,1944739638682;0,798087141339001
01-01-82;35,8580508474576;0,774364406779661
01-02-82;33,3262935586061;0,764519535374868
01-03-82;30,0739176346357;0,723336853220697
01-04-82;35,2105263157895;0,727368421052632
01-05-82;37,466110531804;0,722627737226277
01-06-82;36,1546391752577;0,608247422680412
01-07-82;35,0358974358974;0,670769230769231
01-08-82;34,7492323439099;0,674513817809621
01-09-82;36,4687819856704;0,662231320368475
01-10-82;36,3710499490316;0,675840978593272
01-11-82;34,8469387755102;0,669387755102041
01-12-82;32,4667349027636;0,683725690890481
01-01-83;31,8590398365679;0,727272727272727
01-02-83;29,5408163265306;0,762244897959184
01-03-83;29,3781855249745;0,739041794087666
01-04-83;30,9817813765182;0,772267206477733
01-05-83;30,241935483871;0,807459677419355
01-06-83;31,1871227364185;0,775653923541247
01-07-83;31,7234468937876;0,774549098196393
01-08-83;31,8781218781219;0,743256743256743
01-09-83;30,9860557768924;0,705179282868526
01-10-83;30,1686507936508;0,645833333333333
01-11-83;29,515331355094;0,623145400593472
01-12-83;28,836291913215;0,633136094674556
01-01-84;29,079333986288;0,611165523996082
01-02-84;29,3810916179337;0,631578947368421
01-03-84;29,8940719144801;0,661807580174927
01-04-84;29,6398838334947;0,673765730880929
01-05-84;29,487922705314;0,623188405797101
01-06-84;28,8977820636451;0,596914175506268
01-07-84;27,6195965417867;0,580211335254563
01-08-84;28,0172413793103;0,581417624521073
01-09-84;27,9952244508118;0,561604584527221
01-10-84;27,3691722169363;0,549952426260704
01-11-84;26,6837606837607;0,580246913580247
01-12-84;24,103317535545;0,56872037914692
01-01-85;24,2582781456954;0,582781456953642
01-02-85;25,6547507055503;0,592662276575729
01-03-85;26,440074906367;0,588951310861423
01-04-85;26,9205607476635;0,638317757009346
01-05-85;25,767723880597;0,648320895522388
01-06-85;25,2493023255814;0,604651162790698
01-07-85;25,3751160631383;0,619312906220984
01-08-85;25,7228915662651;0,595922150139018
01-09-85;26,1692876965772;0,57354301572618
01-10-85;27,2239631336406;0,578801843317972
01-11-85;28,2688073394495;0,569724770642202
01-12-85;24,8657534246575;0,576255707762557
01-01-86;20,8780709736124;0,585077343039126
01-02-86;14,0765724703737;0,580674567000912
01-03-86;11,5655362053162;0,600366636113657
01-04-86;11,81876724931;0,597976080956762
01-05-86;14,1688073394495;0,589908256880734
01-06-86;12,3117001828154;0,585009140767824
01-07-86;10,5707762557078;0,557077625570776
01-08-86;13,7700729927007;0,538321167883212
01-09-86;13,5572727272727;0,554545454545455
01-10-86;13,4773139745917;0,544464609800363
01-11-86;13,7744565217391;0,534420289855072
01-12-86;14,5090252707581;0,541516245487365
01-01-87;16,7468581687612;0,547576301615799
01-02-87;15,8550983899821;0,56350626118068
01-03-87;16,3146167557932;0,588235294117647
01-04-87;16,5421472937001;0,594498669032831
01-05-87;17,1814159292035;0,610619469026549
01-06-87;17,6511013215859;0,625550660792952
01-07-87;18,7653778558875;0,676625659050967
01-08-87;17,737532808399;0,691163604549431
01-09-87;17,023539668701;0,714908456843941
01-10-87;17,2591304347826;0,773913043478261
01-11-87;16,3951473136915;0,98786828422877
01-12-87;14,9143598615917;1,12456747404844
01-01-88;14,7931034482759;1,04310344827586
01-02-88;14,4277108433735;0,912220309810671
01-03-88;13,9201716738197;0,918454935622318
01-04-88;15,2517064846416;0,887372013651877
01-05-88;14,8408510638298;0,94468085106383
01-06-88;14,0084745762712;0,974576271186441
01-07-88;13,0784810126582;0,843881856540084
01-08-88;13,0453781512605;0,840336134453782
01-09-88;12,1062761506276;0,920502092050209
01-10-88;11,5079232693912;1,1092577147623
01-11-88;11,6184538653367;1,24688279301746
01-12-88;13,4763877381939;1,31731565865783
01-01-89;14,8374587458746;1,27062706270627
01-02-89;14,6595394736842;1,15131578947368
01-03-89;15,9124386252046;1,21112929623568
01-04-89;17,0917952883834;1,14541023558083
01-05-89;16,1940177849636;1,00242522231205
01-06-89;16,1200644641418;0,926672038678485
01-07-89;15,778313253012;0,907630522088353
01-08-89;14,8771084337349;1,00401606425703
01-09-89;15,7003205128205;1,04967948717949
01-10-89;16,0215311004785;1,03668261562998
01-11-89;15,7426528991263;0,929308975377283
01-12-89;16,6967537608868;0,870942201108472
01-01-90;17,7576470588235;0,83921568627451
01-02-90;17,271875;0,8359375
01-03-90;15,8771384136859;0,925349922239502
01-04-90;14,4158262218774;0,946470131885182
01-05-90;14,1262587141751;0,960495739736638
01-06-90;12,9876828329484;0,900692840646651
01-07-90;14,2819923371648;0,957854406130268
01-08-90;20,6489361702128;1,01823708206687
01-09-90;25,4241509433962;1,03396226415094
01-10-90;26,928035982009;0,929535232383808
01-11-90;24,1585639491399;0,87509349289454
01-12-90;20,3703427719821;0,842026825633383
01-01-91;18,5293244246474;0,824053452115813
01-02-91;15,2247774480712;0,823442136498516
01-03-91;14,7329376854599;0,808605341246291
01-04-91;15,4130273871207;0,829015544041451
01-05-91;15,6637168141593;0,774336283185841
01-06-91;14,8492647058824;0,742647058823529
01-07-91;15,726872246696;0,741556534508076
01-08-91;15,8770131771596;0,739385065885798
01-09-91;15,9540145985401;0,766423357664234
01-10-91;16,930029154519;0,779883381924198
01-11-91;16,3026124818578;0,783744557329463
01-12-91;14,1222865412446;0,73082489146165
01-01-92;13,6080983369487;0,701373825018077
01-02-92;13,7049062049062;0,721500721500721
01-03-92;13,5988497483825;0,726096333572969
01-04-92;14,5215208034433;0,717360114777618
01-05-92;14,9892627057981;0,722977809591983
01-06-92;15,9707351891506;0,742326909350464
01-07-92;15,4868327402135;0,811387900355872
01-08-92;15,1633522727273;0,809659090909091
01-09-92;15,5223245924876;0,77958894401134
01-10-92;15,3055751587862;0,719830628087509
01-11-92;14,3152709359606;0,689655172413793
01-12-92;13,6380885453268;0,702740688685875
01-01-93;13,3578431372549;0,714285714285714
01-02-93;14,0132774283718;0,698812019566737
01-03-93;14,1988834612701;0,683879972086532
01-04-93;14,095966620306;0,611961057023644
01-05-93;13,8280166435506;0,561719833564494
01-06-93;13,2155232155232;0,582120582120582
01-07-93;12,3640138408305;0,602076124567474
01-08-93;12,4371546961326;0,607734806629834
01-09-93;12,0786206896552;0,579310344827586
01-10-93;12,4622252747253;0,51510989010989
01-11-93;11,4376712328767;0,506849315068493
01-12-93;9,91797676008202;0,533151059466849
01-01-94;10,2529049897471;0,560492139439508
01-02-94;10,0749829584185;0,579413769597819
01-03-94;9,96600951733515;0,591434398368457
01-04-94;11,1277173913043;0,577445652173913
01-05-94;12,1220338983051;0,664406779661017
01-06-94;12,89384719405;0,723461798512509
01-07-94;13,2412398921833;0,754716981132076
01-08-94;12,3355704697987;0,731543624161074
01-09-94;11,6945746818486;0,763563295378433
01-10-94;11,8540829986613;0,776439089692102
01-11-94;12,0827770360481;0,847797062750334
01-12-94;11,4323784143904;0,899400399733511
01-01-95;11,953488372093;0,903654485049834
01-02-95;12,2796554009278;0,868124585818423
01-03-95;12,2685185185185;0,87962962962963
01-04-95;13,0895915678524;0,869565217391304
01-05-95;12,9783037475345;0,828402366863905
01-06-95;12,0866141732283;0,892388451443569
01-07-95;11,3368283093054;0,91743119266055
01-08-95;11,7920209287116;0,902550686723349
01-09-95;11,907250163292;0,862181580666231
01-10-95;11,3615635179153;0,833876221498371
01-11-95;11,704619388419;0,878334417696812
01-12-95;12,3716699155296;0,864197530864197
01-01-96;12,2042663219134;0,769230769230769
01-02-96;12,3032258064516;0,741935483870968
01-03-96;13,7363344051447;0,745980707395498
01-04-96;15,0992953235106;0,755925688661115
01-05-96;13,5869565217391;0,773657289002558
01-06-96;13,0504148053606;0,631780472239949
01-07-96;13,5796178343949;0,573248407643312
01-08-96;13,969465648855;0,578880407124682
01-09-96;15,2124286620165;0,558021559923906
01-10-96;15,7395701643489;0,562579013906448
01-11-96;14,940138626339;0,636420919974795
01-12-96;15,9585166561911;0,647391577624136
01-01-97;15,7904642409034;0,6900878293601
01-02-97;13,9073262366938;0,682529743268629
01-03-97;13,1351689612015;0,688360450563204
01-04-97;12,332707942464;0,675422138836773
01-05-97;13,0268918073796;0,712945590994372
01-06-97;11,9662921348315;0,742821473158552
01-07-97;12,2381546134663;0,692019950124688
01-08-97;12,3942786069652;0,634328358208955
01-09-97;12,2766749379653;0,595533498759305
01-10-97;13,1640866873065;0,575851393188855
01-11-97;12,473716759431;0,538033395176252
01-12-97;11,3226205191595;0,494437577255871
01-01-98;10,3148148148148;0,475308641975309
01-02-98;9,91358024691358;0,466049382716049
01-03-98;9,2716049382716;0,487654320987654
01-04-98;9,51911220715166;0,505548705302096
01-05-98;9,1389913899139;0,485854858548586
01-06-98;8,39066339066339;0,460687960687961
01-07-98;8,62745098039216;0,459558823529412
01-08-98;8,17625458996328;0,452876376988984
01-09-98;9,14373088685015;0,458715596330275
01-10-98;8,7797437461867;0,439292251372788
01-11-98;7,83059110298598;0,432663010359537
01-12-98;6,86131386861314;0,407542579075426
01-01-99;7,57134183363692;0,394656952034001
01-02-99;7,29204614450516;0,388585306618094
01-03-99;8,89563106796116;0,382281553398058
01-04-99;10,4520795660036;0,397830018083183
01-05-99;10,6927710843374;0,41566265060241
01-06-99;10,7771084337349;0,391566265060241
01-07-99;12,0395920815837;0,443911217756449
01-08-99;12,722920406942;0,448833034111311
01-09-99;14,2312276519666;0,470798569725864
01-10-99;13,4681737061273;0,464009518143962
01-11-99;14,8277909738717;0,463182897862233
01-12-99;15,4502369668246;0,4739336492891
01-01-00;16,0543414057885;0,49404566160033
01-02-00;17,2647058823529;0,48050066438623
01-03-00;17,4795321637427;0,46139305747207
01-04-00;15,061439438268;0,445568171279935
01-05-00;16,8107476635514;0,473102756259003
01-06-00;18,4843205574913;0,461810238817516
01-07-00;17,2379849449913;0,472602398280671
01-08-00;18,0775911986103;0,487442138801109
01-09-00;19,5161290322581;0,512230188157062
01-10-00;19,0224266820011;0,495224137183599
01-11-00;19,7474167623421;0,467426265486225
01-12-00;16,3001145475372;0,480753093682386
01-01-01;16,8451025056948;0,461733873075907
01-02-01;16,8238636363636;0,455053173942088
01-03-01;15,4684838160136;0,447871038115905
01-04-01;15,5385487528345;0,42792404996109
01-05-01;16,1534122955443;0,430369684389084
01-06-01;15,5317951603827;0,410572950985843
01-07-01;14,9098083427283;0,389980936651775
01-08-01;15,4847801578354;0,374442553803409
01-09-01;14,5311622683885;0,36326729018387
01-10-01;12,5056306306306;0,35176244919509
01-11-01;11,0816901408451;0,364853002620641
01-12-01;10,8962795941375;0,376311659918622
01-01-02;11,06921778278;0,383898280726885
01-02-02;11,6516853932584;0,398018647424639
01-03-02;13,6806722689076;0,407825654075474
01-04-02;14,6514221974345;0,40232512873377
01-05-02;15,0529247910863;0,403228802172819
01-06-02;14,2093541202673;0,416099502013102
01-07-02;14,9666666666667;0,400541292449122
01-08-02;15,7229916897507;0,371811344851096
01-09-02;16,4103982300885;0,370983659267549
01-10-02;15,9216335540839;0,37142887468486
01-11-02;14,4738292011019;0,395439138150659
01-12-02;16,1826182618262;0,398127447689884
01-01-03;18,039430449069;0,40929554941331
01-02-03;19,537037037037;0,415994918132161
01-03-03;18,2436106579663;0,409194340154949
01-04-03;15,4203056768559;0,39305222070407
01-05-03;15,3854565336249;0,408777967951796
01-06-03;16,7777170944839;0,417799771521866
01-07-03;16,7446924333152;0,422237839809482
01-08-03;17,1219512195122;0,43276843908782
01-09-03;15,2836304700162;0,438531035716146
01-10-03;16,4034613304489;0,4711472305289
01-11-03;16,8054054054054;0,503965909118771
01-12-03;17,3315363881402;0,538274174581792
01-01-04;18,3950617283951;0,590082737752893
01-02-04;18,6073915372255;0,6704416693906
01-03-04;19,6472474612507;0,729420865453426
01-04-04;19,5784418356457;0,713730318996345
01-05-04;21,4027630180659;0,65882437099204
01-06-04;20,1270513499206;0,645145116709868
01-07-04;21,5177154944474;0,673662343334521
01-08-04;23,7526427061311;0,682337468897918
01-09-04;24,2096944151739;0,691833446820216
01-10-04;27,8459119496855;0,716112736262715
01-11-04;25,2790818988002;0,738911209080496
01-12-04;22,603025560772;0,744270610542541
01-01-05;24,446764091858;0,750471068559061
01-02-05;24,9324324324324;0,767083491840816
01-03-05;28,125323666494;0,793877008634977
01-04-05;27,3825503355705;0,794902440576799
01-05-05;25,7386363636364;0,761251080573079
01-06-05;29,0449148167269;0,825249182132013
01-07-05;30,1180092355054;0,841146691415829
01-08-05;33,1310555838858;0,878453900779434
01-09-05;32,9828973843058;0,880233774962213
01-10-05;31,3259668508287;0,924909621191577
01-11-05;29,429581019687;0,977566845112024
01-12-05;30;1,04796024905568
01-01-06;32,8700451580532;1,07751028627412
01-02-06;30,9077231695085;1,13340111052563
01-03-06;31,4972458688032;1,15905737404983
01-04-06;34,7234678624813;1,44368609892592
01-05-06;35,2409339294585;1,8130045478228
01-06-06;35,1635282457879;1,61784661983004
01-07-06;36,6732380482996;1,72409345091296
01-08-06;35,8439646712463;1,71282064613405
01-09-06;31,4940828402367;1,70039836017965
01-10-06;29,1629519564141;1,68506913613963
01-11-06;29,3910891089109;1,57842333267165
01-12-06;30,5416051206302;1,49079765315912
01-01-07;26,8240290605937;1,26414610192819
01-02-07;29,0168734637118;1,26077033735928
01-03-07;29,5000194848213;1,42571690893926
01-04-07;31,0678762918642;1,71091755484071
01-05-07;30,6933326884477;1,68538098375468
01-06-07;32,5622243454259;1,63633232133617
01-07-07;35,7316609104878;1,74223968288583
01-08-07;34,8586920406227;1,64113761110617
01-09-07;38,3270917347169;1,66367992237819
01-10-07;41,2065586309097;1,73650748991055
01-11-07;44,878909473804;1,49884477357163
01-12-07;43,3824398779825;1,41320320166111
01-01-08;43,8083836850887;1,50954295118805
01-02-08;44,8311368348794;1,68220564181986
01-03-08;49,4546681158877;1,79342829732693
01-04-08;52,6170644380253;1,84136747583591
01-05-08;58,2645626556634;1,76684438139782
01-06-08;61,5874884463104;1,72304418672957
01-07-08;60,9270555575848;1,74260488147541
01-08-08;53,3220540491106;1,5835553533374
01-09-08;47,4695833733101;1,44877410327334
01-10-08;35,3233945482615;1,02964716380765
01-11-08;26,947779294685;0,790990574708252
01-12-08;19,4041570875789;0,659155236580824
01-01-09;19,6949035780176;0,689319454981608
01-02-09;18,4104746009732;0,706869668663567
01-03-09;22,5793548083484;0,800430806492906
01-04-09;23,4075662054732;0,93968659900866
01-05-09;27,7717794406212;0,972818288064449
01-06-09;32,4409888728526;1,05885413683506
01-07-09;29,8473403313991;1,10175452653965
01-08-09;32,9828958666945;1,29803974775698
01-09-09;32,1781146200564;1,30207967623827
01-10-09;35,0193294505078;1,31736279670076
01-11-09;35,9428082160251;1,39390348477132
01-12-09;34,1849668962535;1,45706307482887
01-01-10;35,9652026778489;1,54049005991158
01-02-10;35,1710457886332;1,42962986666101
01-03-10;37,3769858249023;1,55742846044422
01-04-10;38,8587094014342;1,61595778613771
01-05-10;33,9822357218464;1,42737875733971
01-06-10;34,6916882674414;1,35730972090378
01-07-10;35,0957009259898;1,40396101128826
01-08-10;35,2509831454229;1,51612177048959
01-09-10;34,5023479555606;1,60206873908329
01-10-10;37,3912844979113;1,71726343514221
01-11-10;38,3168632451387;1,74958645704501
01-12-10;40,3860807721616;1,88194869073866
01-01-11;40,4273307201599;1,95962560462085
01-02-11;40,3698996836384;2,01710425420877
01-03-11;46,151914851645;1,93819861402196
01-04-11;49,1046128170001;1,91954857209939
01-05-11;45,0744197218935;1,80123453853609
01-06-11;42,8324866774018;1,82512038488756
01-07-11;43,119856252357;1,93582760976211
01-08-11;38,1812070444836;1,81379829670134
01-09-11;37,7807296654413;1,66444687369707
01-10-11;38,1080485115766;1,46981439329873
01-11-11;42,7919302369602;1,50789077778208
01-12-11;43,3802916078038;1,5106825286282
01-01-12;43,9954003212753;1,60132240146175
01-02-12;44,781871772749;1,67324655276959
01-03-12;46,4102933913735;1,67656265552706
01-04-12;45,0854542360605;1,63471034163109
01-05-12;41,4056044037724;1,57072692915758
01-06-12;36,0618578355009;1,47281677930843
01-07-12;38,4662496172186;1,50598220439994
01-08-12;40,9537313303004;1,47815874594079
01-09-12;41,0016665584486;1,58422317155028
01-10-12;38,6680941814383;1,5801855741997
01-11-12;37,4747566475963;1,5092243534742
01-12-12;38,1669485038124;1,56205647176294
01-01-13;40,8712054178411;1,5759412465612
01-02-13;40,9209357036452;1,5715604277157
01-03-13;40,0590661351289;1,49640034023374
01-04-13;39,7200999150118;1,40960524152916
01-05-13;40,8809235293864;1,41407028280595
01-06-13;41,2140506356342;1,36678192207768
01-07-13;44,9162730785745;1,34247969827092
01-08-13;45,6488588856144;1,39548855651276
01-09-13;45,5117665193711;1,39091705994335
01-10-13;43,0266744839923;1,39547439891922
01-11-13;40,0939769329346;1,36920034739215
01-12-13;41,594417154129;1,39197793400932
01-01-14;40,214545578185;1,40633623361624
01-02-14;42,8024980152581;1,37730217667287
01-03-14;42,7067974986019;1,28141908893374
01-04-14;43,1644027944584;1,27960827779297
01-05-14;43,128846267485;1,31796971287572
01-06-14;44,5936660891705;1,30135888977107
01-07-14;43,6172094080792;1,356887241103
01-08-14;40,6552682557062;1,33724780981557
01-09-14;39,2501168534216;1,31264209966296
01-10-14;35,5473192098724;1,28748728756273
01-11-14;31,9811969634953;1,28262897682161
01-12-14;25,0960838426765;1,23318787053341
01-01-15;20,1152730386331;1,12378142529477
01-02-15;21,4921263522873;1,09901419421122
01-03-15;20,264772688748;1,1390749021474
01-04-15;23,0503509410639;1,15759776383069
01-05-15;25,0083332981717;1,20587590260255
01-06-15;25,170729244247;1,11341476898666
01-07-15;21,3834998361579;1,03986747205769
01-08-15;18,0101078421899;0,969749364751026
01-09-15;19,1496349442943;0,994692219229522
01-10-15;19,4419790268915;0,996479393109106
01-11-15;17,8306591545982;0,916322513357441
01-12-15;15,6417578997397;0,883113978307582
01-01-16;13,3304159022436;0,851787538357266
01-02-16;12,7751373580072;0,878289030617306
01-03-16;15,7720094086021;0,942621790191381
01-04-16;17,0507799424249;0,920722700770068
01-05-16;19,4984909645721;0,891517905905613
01-06-16;20,2978911173831;0,874376420595915
01-07-16;18,5963407066193;0,917352237236984
01-08-16;18,5911160073999;0,897256380933642
01-09-16;18,7332072843069;0,885313149455899
01-10-16;20,5922867862713;0,887927419453411
01-11-16;18,865741697173;1,0201556870272
01-12-16;21,4188273016894;1,05927543595018
01-01-17;21,5501317636628;1,06826309046273
01-02-17;21,91339557224;1,10450947941638
01-03-17;20,2261656798911;1,0827022409532
01-04-17;20,9096902859623;1,05836209802623
01-05-17;19,8685267454632;1,03944515743688
01-06-17;18,5040321424622;1,05882839277342
01-07-17;19,0916423398009;1,11031848204406
01-08-17;19,5935280994196;1,19848569091267
01-09-17;20,2162842128756;1,21172536169092
01-10-17;20,9142588372678;1,25018281840124
01-11-17;22,9048381617897;1,252025299598
01-12-17;23,3570751195496;1,24492481527501
01-01-18;25,6087608495515;1,29113302158623
01-02-18;24,9479832744679;1,27325544340242
01-03-18;25,1341247931533;1,23508460762657
01-04-18;26,4845330327089;1,24005418085226
01-05-18;27,9050478708345;1,23388722229332
01-06-18;27,0271346538281;1,25625086586838
01-07-18;28,2425404758021;1,12769458264369
01-08-18;27,0348640908206;1,08823178171161
01-09-18;27,8426413044771;1,08256976869147
01-10-18;27,9796885257571;1,11503871994194
01-11-18;22,5443981366042;1,11183397734122
01-12-18;19,6079207763976;1,09455734568075
01-01-19;20,3509327840932;1,06576885202288
01-02-19;21,7077843838268;1,12500161518959
01-03-19;22,8691209841391;1,15079598556182
01-04-19;25,0271395147416;1,14572966377693
01-05-19;23,8245373543523;1,07095798616743
01-06-19;21,4049913651654;1,04240756651186
01-07-19;22,4110980851895;1,05287154568318
01-08-19;21,3951963275678;1,01066939263359
01-09-19;22,1944223604421;1,0156559851946
01-10-19;20,9712209245837;1,01240077552971
01-11-19;22,1228296119292;1,03105573103754
01-12-19;23,1856673236197;1,06476739163358
01-01-20;22,235795300794;1,0607228643747
01-02-20;19,5129861355098;0,995863740910246
01-03-20;11,3144694284663;0,909896321475808
01-04-20;6,4624708114989;0,894152607419569
01-05-20;11,1586909636483;0,927564302450391
01-06-20;14,8940388854547;1,01265896770607
01-07-20;15,7459300773953;1,11472622727133
01-08-20;16,3109638647045;1,13525070823729
01-09-20;15,2311772166494;1,17019455112665
01-10-20;15,1333579154376;1,16778689130914
01-11-20;15,7026093026645;1,22888099926073
01-12-20;17,9764799437231;1,3448921822327
01-01-21;19,8321891685736;1,37886921548751
01-02-21;22,4191747738716;1,45722518121023
01-03-21;23,5182697677227;1,5412077715612
01-04-21;23,1397646282529;1,58760744175516
01-05-21;24,2629347093623;1,71981968980328
01-06-21;26,3438578361721;1,60918589628799
01-07-21;26,6327190430003;1,57211605143682
01-08-21;24,8011659074598;1,55419914928975
01-09-21;26,1292275376166;1,54236122420085
01-10-21;29,4587656820565;1,60363661127655
01-11-21;28,4176588013959;1,59038096173834
01-12-21;25,5991946481226;1,54644417088424
01-01-22;29,5176513568827;1,57283050327803
01-02-22;32,246940341049;1,58678831824462
01-03-22;37,7118467334937;1,61404631121249
